[
{
    "model": "auth.permission",
    "pk": 1,
    "fields": {
        "name": "Can add log entry",
        "content_type": [
            "admin",
            "logentry"
        ],
        "codename": "add_logentry"
    }
},
{
    "model": "auth.permission",
    "pk": 2,
    "fields": {
        "name": "Can change log entry",
        "content_type": [
            "admin",
            "logentry"
        ],
        "codename": "change_logentry"
    }
},
{
    "model": "auth.permission",
    "pk": 3,
    "fields": {
        "name": "Can delete log entry",
        "content_type": [
            "admin",
            "logentry"
        ],
        "codename": "delete_logentry"
    }
},
{
    "model": "auth.permission",
    "pk": 4,
    "fields": {
        "name": "Can view log entry",
        "content_type": [
            "admin",
            "logentry"
        ],
        "codename": "view_logentry"
    }
},
{
    "model": "auth.permission",
    "pk": 5,
    "fields": {
        "name": "Can add permission",
        "content_type": [
            "auth",
            "permission"
        ],
        "codename": "add_permission"
    }
},
{
    "model": "auth.permission",
    "pk": 6,
    "fields": {
        "name": "Can change permission",
        "content_type": [
            "auth",
            "permission"
        ],
        "codename": "change_permission"
    }
},
{
    "model": "auth.permission",
    "pk": 7,
    "fields": {
        "name": "Can delete permission",
        "content_type": [
            "auth",
            "permission"
        ],
        "codename": "delete_permission"
    }
},
{
    "model": "auth.permission",
    "pk": 8,
    "fields": {
        "name": "Can view permission",
        "content_type": [
            "auth",
            "permission"
        ],
        "codename": "view_permission"
    }
},
{
    "model": "auth.permission",
    "pk": 9,
    "fields": {
        "name": "Can add group",
        "content_type": [
            "auth",
            "group"
        ],
        "codename": "add_group"
    }
},
{
    "model": "auth.permission",
    "pk": 10,
    "fields": {
        "name": "Can change group",
        "content_type": [
            "auth",
            "group"
        ],
        "codename": "change_group"
    }
},
{
    "model": "auth.permission",
    "pk": 11,
    "fields": {
        "name": "Can delete group",
        "content_type": [
            "auth",
            "group"
        ],
        "codename": "delete_group"
    }
},
{
    "model": "auth.permission",
    "pk": 12,
    "fields": {
        "name": "Can view group",
        "content_type": [
            "auth",
            "group"
        ],
        "codename": "view_group"
    }
},
{
    "model": "auth.permission",
    "pk": 13,
    "fields": {
        "name": "Can add user",
        "content_type": [
            "auth",
            "user"
        ],
        "codename": "add_user"
    }
},
{
    "model": "auth.permission",
    "pk": 14,
    "fields": {
        "name": "Can change user",
        "content_type": [
            "auth",
            "user"
        ],
        "codename": "change_user"
    }
},
{
    "model": "auth.permission",
    "pk": 15,
    "fields": {
        "name": "Can delete user",
        "content_type": [
            "auth",
            "user"
        ],
        "codename": "delete_user"
    }
},
{
    "model": "auth.permission",
    "pk": 16,
    "fields": {
        "name": "Can view user",
        "content_type": [
            "auth",
            "user"
        ],
        "codename": "view_user"
    }
},
{
    "model": "auth.permission",
    "pk": 17,
    "fields": {
        "name": "Can add content type",
        "content_type": [
            "contenttypes",
            "contenttype"
        ],
        "codename": "add_contenttype"
    }
},
{
    "model": "auth.permission",
    "pk": 18,
    "fields": {
        "name": "Can change content type",
        "content_type": [
            "contenttypes",
            "contenttype"
        ],
        "codename": "change_contenttype"
    }
},
{
    "model": "auth.permission",
    "pk": 19,
    "fields": {
        "name": "Can delete content type",
        "content_type": [
            "contenttypes",
            "contenttype"
        ],
        "codename": "delete_contenttype"
    }
},
{
    "model": "auth.permission",
    "pk": 20,
    "fields": {
        "name": "Can view content type",
        "content_type": [
            "contenttypes",
            "contenttype"
        ],
        "codename": "view_contenttype"
    }
},
{
    "model": "auth.permission",
    "pk": 21,
    "fields": {
        "name": "Can add session",
        "content_type": [
            "sessions",
            "session"
        ],
        "codename": "add_session"
    }
},
{
    "model": "auth.permission",
    "pk": 22,
    "fields": {
        "name": "Can change session",
        "content_type": [
            "sessions",
            "session"
        ],
        "codename": "change_session"
    }
},
{
    "model": "auth.permission",
    "pk": 23,
    "fields": {
        "name": "Can delete session",
        "content_type": [
            "sessions",
            "session"
        ],
        "codename": "delete_session"
    }
},
{
    "model": "auth.permission",
    "pk": 24,
    "fields": {
        "name": "Can view session",
        "content_type": [
            "sessions",
            "session"
        ],
        "codename": "view_session"
    }
},
{
    "model": "auth.permission",
    "pk": 25,
    "fields": {
        "name": "Can add collection",
        "content_type": [
            "app1",
            "collection"
        ],
        "codename": "add_collection"
    }
},
{
    "model": "auth.permission",
    "pk": 26,
    "fields": {
        "name": "Can change collection",
        "content_type": [
            "app1",
            "collection"
        ],
        "codename": "change_collection"
    }
},
{
    "model": "auth.permission",
    "pk": 27,
    "fields": {
        "name": "Can delete collection",
        "content_type": [
            "app1",
            "collection"
        ],
        "codename": "delete_collection"
    }
},
{
    "model": "auth.permission",
    "pk": 28,
    "fields": {
        "name": "Can view collection",
        "content_type": [
            "app1",
            "collection"
        ],
        "codename": "view_collection"
    }
},
{
    "model": "auth.permission",
    "pk": 29,
    "fields": {
        "name": "Can add larder",
        "content_type": [
            "app1",
            "larder"
        ],
        "codename": "add_larder"
    }
},
{
    "model": "auth.permission",
    "pk": 30,
    "fields": {
        "name": "Can change larder",
        "content_type": [
            "app1",
            "larder"
        ],
        "codename": "change_larder"
    }
},
{
    "model": "auth.permission",
    "pk": 31,
    "fields": {
        "name": "Can delete larder",
        "content_type": [
            "app1",
            "larder"
        ],
        "codename": "delete_larder"
    }
},
{
    "model": "auth.permission",
    "pk": 32,
    "fields": {
        "name": "Can view larder",
        "content_type": [
            "app1",
            "larder"
        ],
        "codename": "view_larder"
    }
},
{
    "model": "auth.permission",
    "pk": 33,
    "fields": {
        "name": "Can add member",
        "content_type": [
            "app1",
            "member"
        ],
        "codename": "add_member"
    }
},
{
    "model": "auth.permission",
    "pk": 34,
    "fields": {
        "name": "Can change member",
        "content_type": [
            "app1",
            "member"
        ],
        "codename": "change_member"
    }
},
{
    "model": "auth.permission",
    "pk": 35,
    "fields": {
        "name": "Can delete member",
        "content_type": [
            "app1",
            "member"
        ],
        "codename": "delete_member"
    }
},
{
    "model": "auth.permission",
    "pk": 36,
    "fields": {
        "name": "Can view member",
        "content_type": [
            "app1",
            "member"
        ],
        "codename": "view_member"
    }
},
{
    "model": "auth.permission",
    "pk": 37,
    "fields": {
        "name": "Can add pickup",
        "content_type": [
            "app1",
            "pickup"
        ],
        "codename": "add_pickup"
    }
},
{
    "model": "auth.permission",
    "pk": 38,
    "fields": {
        "name": "Can change pickup",
        "content_type": [
            "app1",
            "pickup"
        ],
        "codename": "change_pickup"
    }
},
{
    "model": "auth.permission",
    "pk": 39,
    "fields": {
        "name": "Can delete pickup",
        "content_type": [
            "app1",
            "pickup"
        ],
        "codename": "delete_pickup"
    }
},
{
    "model": "auth.permission",
    "pk": 40,
    "fields": {
        "name": "Can view pickup",
        "content_type": [
            "app1",
            "pickup"
        ],
        "codename": "view_pickup"
    }
},
{
    "model": "auth.permission",
    "pk": 41,
    "fields": {
        "name": "Can add product",
        "content_type": [
            "app1",
            "product"
        ],
        "codename": "add_product"
    }
},
{
    "model": "auth.permission",
    "pk": 42,
    "fields": {
        "name": "Can change product",
        "content_type": [
            "app1",
            "product"
        ],
        "codename": "change_product"
    }
},
{
    "model": "auth.permission",
    "pk": 43,
    "fields": {
        "name": "Can delete product",
        "content_type": [
            "app1",
            "product"
        ],
        "codename": "delete_product"
    }
},
{
    "model": "auth.permission",
    "pk": 44,
    "fields": {
        "name": "Can view product",
        "content_type": [
            "app1",
            "product"
        ],
        "codename": "view_product"
    }
},
{
    "model": "auth.permission",
    "pk": 45,
    "fields": {
        "name": "Can add supplier",
        "content_type": [
            "app1",
            "supplier"
        ],
        "codename": "add_supplier"
    }
},
{
    "model": "auth.permission",
    "pk": 46,
    "fields": {
        "name": "Can change supplier",
        "content_type": [
            "app1",
            "supplier"
        ],
        "codename": "change_supplier"
    }
},
{
    "model": "auth.permission",
    "pk": 47,
    "fields": {
        "name": "Can delete supplier",
        "content_type": [
            "app1",
            "supplier"
        ],
        "codename": "delete_supplier"
    }
},
{
    "model": "auth.permission",
    "pk": 48,
    "fields": {
        "name": "Can view supplier",
        "content_type": [
            "app1",
            "supplier"
        ],
        "codename": "view_supplier"
    }
},
{
    "model": "auth.permission",
    "pk": 49,
    "fields": {
        "name": "Can add volunteer",
        "content_type": [
            "app1",
            "volunteer"
        ],
        "codename": "add_volunteer"
    }
},
{
    "model": "auth.permission",
    "pk": 50,
    "fields": {
        "name": "Can change volunteer",
        "content_type": [
            "app1",
            "volunteer"
        ],
        "codename": "change_volunteer"
    }
},
{
    "model": "auth.permission",
    "pk": 51,
    "fields": {
        "name": "Can delete volunteer",
        "content_type": [
            "app1",
            "volunteer"
        ],
        "codename": "delete_volunteer"
    }
},
{
    "model": "auth.permission",
    "pk": 52,
    "fields": {
        "name": "Can view volunteer",
        "content_type": [
            "app1",
            "volunteer"
        ],
        "codename": "view_volunteer"
    }
},
{
    "model": "auth.permission",
    "pk": 53,
    "fields": {
        "name": "Can add update",
        "content_type": [
            "app1",
            "update"
        ],
        "codename": "add_update"
    }
},
{
    "model": "auth.permission",
    "pk": 54,
    "fields": {
        "name": "Can change update",
        "content_type": [
            "app1",
            "update"
        ],
        "codename": "change_update"
    }
},
{
    "model": "auth.permission",
    "pk": 55,
    "fields": {
        "name": "Can delete update",
        "content_type": [
            "app1",
            "update"
        ],
        "codename": "delete_update"
    }
},
{
    "model": "auth.permission",
    "pk": 56,
    "fields": {
        "name": "Can view update",
        "content_type": [
            "app1",
            "update"
        ],
        "codename": "view_update"
    }
},
{
    "model": "auth.permission",
    "pk": 57,
    "fields": {
        "name": "Can add product out",
        "content_type": [
            "app1",
            "productout"
        ],
        "codename": "add_productout"
    }
},
{
    "model": "auth.permission",
    "pk": 58,
    "fields": {
        "name": "Can change product out",
        "content_type": [
            "app1",
            "productout"
        ],
        "codename": "change_productout"
    }
},
{
    "model": "auth.permission",
    "pk": 59,
    "fields": {
        "name": "Can delete product out",
        "content_type": [
            "app1",
            "productout"
        ],
        "codename": "delete_productout"
    }
},
{
    "model": "auth.permission",
    "pk": 60,
    "fields": {
        "name": "Can view product out",
        "content_type": [
            "app1",
            "productout"
        ],
        "codename": "view_productout"
    }
},
{
    "model": "auth.user",
    "pk": 1,
    "fields": {
        "password": "pbkdf2_sha256$320000$bQDCCayavkojG8ffBdSKP1$rLHUWw5Ii75fUZ0clM5mJam0Ru/UnzUdLd+OFrBFxsM=",
        "last_login": "2022-10-06T12:41:45.040Z",
        "is_superuser": true,
        "username": "seb",
        "first_name": "",
        "last_name": "",
        "email": "",
        "is_staff": true,
        "is_active": true,
        "date_joined": "2022-08-18T16:54:58.135Z",
        "groups": [],
        "user_permissions": []
    }
},
{
    "model": "sessions.session",
    "pk": "4zb7c081ubsy49gfgy9ob20bgrddh8fg",
    "fields": {
        "session_data": ".eJxVjMsOwiAQRf-FtSHCFAZcuu83NDM8pGogKe3K-O_apAvd3nPOfYmJtrVMW0_LNEdxEUqcfjem8Eh1B_FO9dZkaHVdZpa7Ig_a5dhiel4P9--gUC_fOimlyNocsjYZEaMmjsaBNhicMoDeIiggBA-eANw5sQfNCTIO7Afx_gDKvDb0:1oOinX:TeT37J4U6kVY3-8qznqFcpiIfnvn7FnmVt_mv0-oni0",
        "expire_date": "2022-09-01T16:55:11.824Z"
    }
},
{
    "model": "sessions.session",
    "pk": "mi3arvhv1zliocqt4uuw6eftisbv1dfi",
    "fields": {
        "session_data": ".eJxVjMsOwiAQRf-FtSHCFAZcuu83NDM8pGogKe3K-O_apAvd3nPOfYmJtrVMW0_LNEdxEUqcfjem8Eh1B_FO9dZkaHVdZpa7Ig_a5dhiel4P9--gUC_fOimlyNocsjYZEaMmjsaBNhicMoDeIiggBA-eANw5sQfNCTIO7Afx_gDKvDb0:1ogQC9:BgDYwaEbTHnjtvWB8siSDODLNBsSvNbDcAyFkdZVppA",
        "expire_date": "2022-10-20T12:41:45.042Z"
    }
},
{
    "model": "app1.product",
    "pk": 1,
    "fields": {
        "brand": "Twix",
        "name": "Twix salted caramel",
        "barcode": 5000159528955,
        "category": "Biscuits et gâteaux, Biscuit chocolat",
        "perishable": false,
        "allergens": "caramel, choclate, wheat",
        "weight": 46.0,
        "quantity": 1,
        "footprint": 0.0,
        "created_at": "2022-08-18T17:46:57.268Z",
        "collection": 12
    }
},
{
    "model": "app1.product",
    "pk": 2,
    "fields": {
        "brand": "Mars",
        "name": "Barres",
        "barcode": 5000159366168,
        "category": "Snacks, Snacks sucrés, Cacao et dérivés, Confiseries, Barres, Confiseries chocolatées, Barres chocolatées, Barres chocolatées au caramel",
        "perishable": false,
        "allergens": "gluten,milk,soybeans",
        "weight": 540.0,
        "quantity": 1,
        "footprint": 2.28655779803366e-06,
        "created_at": "2022-08-18T17:47:22.377Z",
        "collection": 12
    }
},
{
    "model": "app1.product",
    "pk": 3,
    "fields": {
        "brand": "Coca-Cola",
        "name": "Coca-Cola",
        "barcode": 5449000000996,
        "category": "Boissons,Boissons gazeuses,Sodas,Sodas au cola",
        "perishable": false,
        "allergens": "sugar",
        "weight": 330.0,
        "quantity": 1,
        "footprint": 0.0,
        "created_at": "2022-08-18T17:48:55.563Z",
        "collection": 12
    }
},
{
    "model": "app1.product",
    "pk": 4,
    "fields": {
        "brand": "Cadbury",
        "name": "Creme Egg Single",
        "barcode": 50201600,
        "category": "Snacks, Sweet snacks, Chocolates, Milk chocolates",
        "perishable": false,
        "allergens": "eggs,milk",
        "weight": 40.0,
        "quantity": 1,
        "footprint": 7.10177951388927e-05,
        "created_at": "2022-08-18T17:49:33.686Z",
        "collection": 13
    }
},
{
    "model": "app1.product",
    "pk": 5,
    "fields": {
        "brand": "Tropicana",
        "name": "Pure premium orange juice no pulp fluid ounce paper",
        "barcode": 48500001004,
        "category": "Plant-based foods and beverages, Beverages, Plant-based beverages",
        "perishable": false,
        "allergens": "Orange, sugar",
        "weight": 1000.0,
        "quantity": 1,
        "footprint": 0.0,
        "created_at": "2022-08-18T17:52:54.644Z",
        "collection": 13
    }
},
{
    "model": "app1.product",
    "pk": 6,
    "fields": {
        "brand": "Barilla",
        "name": "Barilla pates spaghettini n°3 500g",
        "barcode": 8076800195033,
        "category": "Plant-based foods and beverages, Plant-based foods, Cereals and potatoes, Cereals and their products, Pastas, Dry pastas, Spaghetti, Food, Spaghettini, en:durum-wheat-pasta",
        "perishable": false,
        "allergens": "gluten",
        "weight": 500.0,
        "quantity": 1,
        "footprint": 0.0,
        "created_at": "2022-09-03T17:50:15.227Z",
        "collection": 14
    }
},
{
    "model": "app1.product",
    "pk": 7,
    "fields": {
        "brand": "Asda",
        "name": "Chopped Tomatoes",
        "barcode": 5054781025702,
        "category": "Plant-based foods and beverages,Plant-based foods,Canned foods,Fruits and vegetables based foods,Canned plant-based foods,Vegetables based foods,Canned vegetables,Tomatoes and their products,Tomatoes,Canned tomatoes",
        "perishable": false,
        "allergens": "tomatoes",
        "weight": 400.0,
        "quantity": 1,
        "footprint": 0.0,
        "created_at": "2022-09-03T17:51:07.339Z",
        "collection": 14
    }
},
{
    "model": "app1.product",
    "pk": 8,
    "fields": {
        "brand": "Heinz",
        "name": "Feijão Cozido em Molho de Tomate Heinz",
        "barcode": 5000157024671,
        "category": "Plant-based foods and beverages, Plant-based foods, Canned foods, Fruits and vegetables based foods, Canned plant-based foods, Vegetables based foods, Prepared vegetables, Baked beans in tomato sauce, en:canned-common-beans",
        "perishable": false,
        "allergens": "Tomato, beans, sugar",
        "weight": 415.0,
        "quantity": 1,
        "footprint": 0.0,
        "created_at": "2022-09-03T17:51:27.794Z",
        "collection": 14
    }
},
{
    "model": "app1.product",
    "pk": 9,
    "fields": {
        "brand": "Heinz",
        "name": "Feijão Cozido em Molho de Tomate Heinz",
        "barcode": 5000157024671,
        "category": "Plant-based foods and beverages, Plant-based foods, Canned foods, Fruits and vegetables based foods, Canned plant-based foods, Vegetables based foods, Prepared vegetables, Baked beans in tomato sauce, en:canned-common-beans",
        "perishable": false,
        "allergens": "Tomatoes",
        "weight": 419.0,
        "quantity": 1,
        "footprint": 0.0,
        "created_at": "2022-09-03T17:51:58.422Z",
        "collection": 15
    }
},
{
    "model": "app1.product",
    "pk": 10,
    "fields": {
        "brand": "HEINZ",
        "name": "tomato ketchup",
        "barcode": 6290090014559,
        "category": "Epicerie, Sauces, Sauces tomate, Ketchup, Ketchup de tomate",
        "perishable": false,
        "allergens": "tomatoes, ketchup",
        "weight": 300.0,
        "quantity": 1,
        "footprint": 0.0,
        "created_at": "2022-09-03T17:52:18.636Z",
        "collection": 15
    }
},
{
    "model": "app1.product",
    "pk": 11,
    "fields": {
        "brand": "HEINZ",
        "name": "tomato ketchup",
        "barcode": 6290090014559,
        "category": "Epicerie, Sauces, Sauces tomate, Ketchup, Ketchup de tomate",
        "perishable": false,
        "allergens": "tomatoes",
        "weight": 300.0,
        "quantity": 1,
        "footprint": 0.0,
        "created_at": "2022-09-03T18:12:10.613Z",
        "collection": 16
    }
},
{
    "model": "app1.product",
    "pk": 12,
    "fields": {
        "brand": "Warburtons",
        "name": "Warburtons Old English Medium Sliced White Bread 400G",
        "barcode": 5010044006529,
        "category": "en:breads",
        "perishable": false,
        "allergens": "wheat",
        "weight": 400.0,
        "quantity": 1,
        "footprint": 0.0,
        "created_at": "2022-09-03T19:46:54.741Z",
        "collection": 17
    }
},
{
    "model": "app1.product",
    "pk": 13,
    "fields": {
        "brand": "Coca-Cola",
        "name": "Coca-Cola Zero",
        "barcode": 5449000131805,
        "category": "Beverages,Carbonated drinks,Sodas,Colas",
        "perishable": false,
        "allergens": "phenylalanine",
        "weight": 330.0,
        "quantity": 1,
        "footprint": 0.0,
        "created_at": "2022-09-12T02:33:10.197Z",
        "collection": 19
    }
},
{
    "model": "app1.product",
    "pk": 14,
    "fields": {
        "brand": "Coca-Cola",
        "name": "Coca-Cola",
        "barcode": 5449000000996,
        "category": "Boissons,Boissons gazeuses,Sodas,Sodas au cola",
        "perishable": false,
        "allergens": "sugar",
        "weight": 330.0,
        "quantity": 1,
        "footprint": 0.0,
        "created_at": "2022-09-24T15:39:04.537Z",
        "collection": 22
    }
},
{
    "model": "app1.product",
    "pk": 15,
    "fields": {
        "brand": "Toblerone",
        "name": "Toblerone 50g",
        "barcode": 76145513,
        "category": "Snacks, Sweet snacks, Cocoa and its products, Confectioneries, Bars, Chocolate candies, Chocolate bars",
        "perishable": false,
        "allergens": "eggs,milk,nuts,chocolate",
        "weight": 50.0,
        "quantity": 1,
        "footprint": 4.95833333333446e-06,
        "created_at": "2022-09-25T16:11:08.574Z",
        "collection": 23
    }
},
{
    "model": "app1.product",
    "pk": 16,
    "fields": {
        "brand": "Heinz",
        "name": "Seriously good mayonnaise",
        "barcode": 5000157140364,
        "category": "Epicerie, Sauces, Mayonnaises",
        "perishable": false,
        "allergens": "egg, milk",
        "weight": 200.0,
        "quantity": 1,
        "footprint": 0.0,
        "created_at": "2022-09-25T16:11:43.505Z",
        "collection": 23
    }
},
{
    "model": "app1.product",
    "pk": 17,
    "fields": {
        "brand": "Coca-Cola",
        "name": "Coca-Cola",
        "barcode": 5449000000996,
        "category": "Boissons,Boissons gazeuses,Sodas,Sodas au cola",
        "perishable": false,
        "allergens": "sugar",
        "weight": 330.0,
        "quantity": 1,
        "footprint": 0.0,
        "created_at": "2022-10-14T14:42:31.474Z",
        "collection": 25
    }
},
{
    "model": "app1.product",
    "pk": 18,
    "fields": {
        "brand": "Cadbury",
        "name": "Creme Egg Single",
        "barcode": 50201600,
        "category": "Snacks, Sweet snacks, Chocolates, Milk chocolates",
        "perishable": false,
        "allergens": "eggs,milk",
        "weight": 40.0,
        "quantity": 1,
        "footprint": 7.10177951388927e-05,
        "created_at": "2022-10-14T14:43:47.243Z",
        "collection": 26
    }
},
{
    "model": "app1.product",
    "pk": 19,
    "fields": {
        "brand": "Nestlé",
        "name": "Yogurt cremoso Kit Kat",
        "barcode": 3023290410455,
        "category": "undefined",
        "perishable": false,
        "allergens": "eggs,milk",
        "weight": 50.0,
        "quantity": 1,
        "footprint": 0.0,
        "created_at": "2022-10-14T15:15:37.296Z",
        "collection": 28
    }
},
{
    "model": "app1.product",
    "pk": 20,
    "fields": {
        "brand": "Cadbury",
        "name": "Creme Egg Single",
        "barcode": 50201600,
        "category": "Snacks, Sweet snacks, Chocolates, Milk chocolates",
        "perishable": false,
        "allergens": "eggs,milk",
        "weight": 40.0,
        "quantity": 1,
        "footprint": 7.10177951388927e-05,
        "created_at": "2022-10-14T15:21:57.883Z",
        "collection": 29
    }
},
{
    "model": "app1.product",
    "pk": 21,
    "fields": {
        "brand": "Cadbury",
        "name": "Creme Egg Single",
        "barcode": 50201600,
        "category": "Snacks, Sweet snacks, Chocolates, Milk chocolates",
        "perishable": false,
        "allergens": "eggs,milk",
        "weight": 40.0,
        "quantity": 1,
        "footprint": 7.10177951388927e-05,
        "created_at": "2022-10-14T15:39:08.999Z",
        "collection": 30
    }
},
{
    "model": "app1.product",
    "pk": 22,
    "fields": {
        "brand": "Cadbury",
        "name": "Creme Egg Single",
        "barcode": 50201600,
        "category": "Snacks, Sweet snacks, Chocolates, Milk chocolates",
        "perishable": false,
        "allergens": "eggs,milk",
        "weight": 40.0,
        "quantity": 1,
        "footprint": 7.10177951388927e-05,
        "created_at": "2022-10-14T16:11:11.519Z",
        "collection": 31
    }
},
{
    "model": "app1.product",
    "pk": 23,
    "fields": {
        "brand": "Cadbury",
        "name": "Creme Egg Single",
        "barcode": 50201600,
        "category": "Snacks, Sweet snacks, Chocolates, Milk chocolates",
        "perishable": false,
        "allergens": "eggs,milk",
        "weight": 40.0,
        "quantity": 1,
        "footprint": 7.10177951388927e-05,
        "created_at": "2022-10-14T16:41:34.641Z",
        "collection": 33
    }
},
{
    "model": "app1.productout",
    "pk": 1,
    "fields": {
        "brand": "Tropicana",
        "name": "Pure premium orange juice no pulp fluid ounce paper",
        "barcode": 48500001004,
        "category": "Plant-based foods and beverages, Beverages, Plant-based beverages",
        "perishable": false,
        "allergens": "Orange, sugar",
        "weight": 1000.0,
        "quantity": 1,
        "footprint": 0.0,
        "created_at": "2022-08-18T17:53:18.162Z",
        "pickup": 2
    }
},
{
    "model": "app1.productout",
    "pk": 2,
    "fields": {
        "brand": "Cadbury",
        "name": "Creme Egg Single",
        "barcode": 50201600,
        "category": "Snacks, Sweet snacks, Chocolates, Milk chocolates",
        "perishable": false,
        "allergens": "eggs,milk",
        "weight": 40.0,
        "quantity": 1,
        "footprint": 7.10177951388927e-05,
        "created_at": "2022-08-18T19:06:49.572Z",
        "pickup": 3
    }
},
{
    "model": "app1.productout",
    "pk": 3,
    "fields": {
        "brand": "Mars",
        "name": "Barres",
        "barcode": 5000159366168,
        "category": "Snacks, Snacks sucrés, Cacao et dérivés, Confiseries, Barres, Confiseries chocolatées, Barres chocolatées, Barres chocolatées au caramel",
        "perishable": false,
        "allergens": "gluten,milk,soybeans",
        "weight": 540.0,
        "quantity": 1,
        "footprint": 2.28655779803366e-06,
        "created_at": "2022-08-18T19:10:18.509Z",
        "pickup": 3
    }
},
{
    "model": "app1.member",
    "pk": 1,
    "fields": {
        "firstName": "Sebastian",
        "lastName": "Prentice",
        "addressFirstLine": "10 Fursby Avenue",
        "ageGroup": "10-40",
        "ethnicity": "London",
        "postCode": "N31PL",
        "email": "seb.prentice757@gmail.com",
        "prefContact": "Mobile",
        "occupation": "Student",
        "isCarer": false,
        "isMember": true,
        "isEmployed": false,
        "noAdults": 1,
        "noChildren": 0,
        "foodAllergies": "none",
        "prefLarder": 1,
        "acceptedPolicy": true,
        "created_at": "2022-08-18T17:03:12.417Z",
        "updated_at": "2022-08-18T17:03:12.417Z",
        "totalFoodCollected": 0.0,
        "baselineHealthScore": 0.0,
        "currentHealthScore": 0.0
    }
},
{
    "model": "app1.member",
    "pk": 2,
    "fields": {
        "firstName": "John",
        "lastName": "Smith",
        "addressFirstLine": "10 old street",
        "ageGroup": "40-50",
        "ethnicity": "White",
        "postCode": "N31PL",
        "email": "john.smith@hotmail.com",
        "prefContact": "email",
        "occupation": "Teacher",
        "isCarer": false,
        "isMember": true,
        "isEmployed": true,
        "noAdults": 2,
        "noChildren": 0,
        "foodAllergies": "Nuts",
        "prefLarder": 2,
        "acceptedPolicy": true,
        "created_at": "2022-08-18T17:04:44.318Z",
        "updated_at": "2022-08-18T17:04:44.318Z",
        "totalFoodCollected": 0.0,
        "baselineHealthScore": 0.0,
        "currentHealthScore": 0.0
    }
},
{
    "model": "app1.member",
    "pk": 3,
    "fields": {
        "firstName": "Stephen",
        "lastName": "Adams",
        "addressFirstLine": "1 Brewery Lane",
        "ageGroup": "2-30",
        "ethnicity": "African",
        "postCode": "SW1 8BX",
        "email": "stephen@adams.com",
        "prefContact": "email",
        "occupation": "Brewer",
        "isCarer": false,
        "isMember": true,
        "isEmployed": true,
        "noAdults": 4,
        "noChildren": 2,
        "foodAllergies": "Gluten, Hazelnuts",
        "prefLarder": 1,
        "acceptedPolicy": true,
        "created_at": "2022-08-18T17:11:34.950Z",
        "updated_at": "2022-08-18T17:11:34.950Z",
        "totalFoodCollected": 0.0,
        "baselineHealthScore": 0.0,
        "currentHealthScore": 0.0
    }
},
{
    "model": "app1.member",
    "pk": 4,
    "fields": {
        "firstName": "Tilly",
        "lastName": "Tomphson",
        "addressFirstLine": "1 Apple Way",
        "ageGroup": "10-40",
        "ethnicity": "Indian",
        "postCode": "RB18 7XY",
        "email": "tillyt@gmail.com",
        "prefContact": "email",
        "occupation": "Carer",
        "isCarer": true,
        "isMember": true,
        "isEmployed": true,
        "noAdults": 2,
        "noChildren": 5,
        "foodAllergies": "Gluten, Hazelnuts",
        "prefLarder": 3,
        "acceptedPolicy": true,
        "created_at": "2022-08-18T17:15:44.618Z",
        "updated_at": "2022-08-18T17:15:44.618Z",
        "totalFoodCollected": 0.0,
        "baselineHealthScore": 0.0,
        "currentHealthScore": 0.0
    }
},
{
    "model": "app1.volunteer",
    "pk": 1,
    "fields": {
        "firstName": "Seb",
        "lastName": "Prentice",
        "addressFirstLine": "Southbourne House",
        "postCode": "NN12 8RE",
        "email": "seb.prentice@hotmail.com",
        "password": "landrover",
        "isAdmin": true,
        "age": 22,
        "prefLarder": 1,
        "created_at": "2022-08-18T17:16:46.293Z"
    }
},
{
    "model": "app1.volunteer",
    "pk": 2,
    "fields": {
        "firstName": "Miranda",
        "lastName": "Wixon",
        "addressFirstLine": "10 Fursby Avenue",
        "postCode": "N31PL",
        "email": "miranda.wixon@gmail.com",
        "password": "test123",
        "isAdmin": false,
        "age": 60,
        "prefLarder": 1,
        "created_at": "2022-08-18T17:17:37.101Z"
    }
},
{
    "model": "app1.volunteer",
    "pk": 3,
    "fields": {
        "firstName": "Katie",
        "lastName": "Steele",
        "addressFirstLine": "1 Towcester Way",
        "postCode": "NN7 2LS",
        "email": "katie.steele@hotmail.com",
        "password": "test111",
        "isAdmin": false,
        "age": 53,
        "prefLarder": 1,
        "created_at": "2022-08-18T17:24:12.013Z"
    }
},
{
    "model": "app1.volunteer",
    "pk": 4,
    "fields": {
        "firstName": "Karen",
        "lastName": "Pollard",
        "addressFirstLine": "1 Scrivens Hill",
        "postCode": "NN11 3SU",
        "email": "Karen.pollard@hotmail.com",
        "password": "test222",
        "isAdmin": false,
        "age": 34,
        "prefLarder": 3,
        "created_at": "2022-08-18T17:26:33.297Z"
    }
},
{
    "model": "app1.volunteer",
    "pk": 5,
    "fields": {
        "firstName": "Brenda",
        "lastName": "Smith",
        "addressFirstLine": "Brooks Lane",
        "postCode": "NN7 3LS",
        "email": "brenda.smith@gmail.com",
        "password": "test1234",
        "isAdmin": false,
        "age": 44,
        "prefLarder": 2,
        "created_at": "2022-08-18T17:28:05.556Z"
    }
},
{
    "model": "app1.supplier",
    "pk": 1,
    "fields": {
        "name": "Tesco",
        "addressFirstLine": "Towcester",
        "postCode": "NN12 7BA",
        "type": "Supermarket",
        "date": "2022-08-18T17:29:14.477Z",
        "created_at": "2022-08-18T17:29:14.477Z"
    }
},
{
    "model": "app1.supplier",
    "pk": 2,
    "fields": {
        "name": "Waitrose",
        "addressFirstLine": "Towcester",
        "postCode": "NN12 8AB",
        "type": "Supermarket",
        "date": "2022-08-18T17:29:30.119Z",
        "created_at": "2022-08-18T17:29:30.119Z"
    }
},
{
    "model": "app1.supplier",
    "pk": 3,
    "fields": {
        "name": "SOFEA",
        "addressFirstLine": "Milton Keynes",
        "postCode": "MK18 6BX",
        "type": "Charity",
        "date": "2022-08-18T17:30:39.245Z",
        "created_at": "2022-08-18T17:30:39.245Z"
    }
},
{
    "model": "app1.supplier",
    "pk": 4,
    "fields": {
        "name": "Tesco",
        "addressFirstLine": "Daventry",
        "postCode": "MK1 8BY",
        "type": "Supermarket",
        "date": "2022-08-18T17:31:02.497Z",
        "created_at": "2022-08-18T17:31:02.497Z"
    }
},
{
    "model": "app1.larder",
    "pk": 1,
    "fields": {
        "name": "Towcester Community Center",
        "addressFirstLine": "19 Islington Road",
        "postCode": "NN12 6AU",
        "created_at": "2022-08-18T16:58:48.841Z"
    }
},
{
    "model": "app1.larder",
    "pk": 2,
    "fields": {
        "name": "Roade Community Larder",
        "addressFirstLine": "Bailey Brooks Lane",
        "postCode": "NN7 2LS",
        "created_at": "2022-08-18T17:01:13.672Z"
    }
},
{
    "model": "app1.larder",
    "pk": 3,
    "fields": {
        "name": "Woodford Halse Community Larder",
        "addressFirstLine": "The Nest, Woodford Halse School Park",
        "postCode": "NN11 3SU",
        "created_at": "2022-08-18T17:01:45.551Z"
    }
},
{
    "model": "app1.collection",
    "pk": 12,
    "fields": {
        "volunteer": 4,
        "supplier": 1,
        "larder": 1,
        "created_at": "2022-08-18T17:35:32.026Z"
    }
},
{
    "model": "app1.collection",
    "pk": 13,
    "fields": {
        "volunteer": 4,
        "supplier": 3,
        "larder": 1,
        "created_at": "2022-08-18T17:49:08.624Z"
    }
},
{
    "model": "app1.collection",
    "pk": 14,
    "fields": {
        "volunteer": 2,
        "supplier": 2,
        "larder": 1,
        "created_at": "2022-09-03T17:42:07.291Z"
    }
},
{
    "model": "app1.collection",
    "pk": 15,
    "fields": {
        "volunteer": 3,
        "supplier": 4,
        "larder": 2,
        "created_at": "2022-09-03T17:51:45.955Z"
    }
},
{
    "model": "app1.collection",
    "pk": 16,
    "fields": {
        "volunteer": 1,
        "supplier": 1,
        "larder": 1,
        "created_at": "2022-09-03T18:11:55.196Z"
    }
},
{
    "model": "app1.collection",
    "pk": 17,
    "fields": {
        "volunteer": 3,
        "supplier": 1,
        "larder": 1,
        "created_at": "2022-09-03T19:46:12.898Z"
    }
},
{
    "model": "app1.collection",
    "pk": 18,
    "fields": {
        "volunteer": 1,
        "supplier": 2,
        "larder": 1,
        "created_at": "2022-09-09T17:50:40.578Z"
    }
},
{
    "model": "app1.collection",
    "pk": 19,
    "fields": {
        "volunteer": 2,
        "supplier": 3,
        "larder": 2,
        "created_at": "2022-09-12T02:10:13.158Z"
    }
},
{
    "model": "app1.collection",
    "pk": 20,
    "fields": {
        "volunteer": 2,
        "supplier": 2,
        "larder": 1,
        "created_at": "2022-09-22T19:57:04.161Z"
    }
},
{
    "model": "app1.collection",
    "pk": 21,
    "fields": {
        "volunteer": 4,
        "supplier": 3,
        "larder": 2,
        "created_at": "2022-09-22T20:21:11.046Z"
    }
},
{
    "model": "app1.collection",
    "pk": 22,
    "fields": {
        "volunteer": 2,
        "supplier": 3,
        "larder": 2,
        "created_at": "2022-09-24T15:38:27.558Z"
    }
},
{
    "model": "app1.collection",
    "pk": 23,
    "fields": {
        "volunteer": 1,
        "supplier": 1,
        "larder": 1,
        "created_at": "2022-09-25T16:08:03.263Z"
    }
},
{
    "model": "app1.collection",
    "pk": 24,
    "fields": {
        "volunteer": 2,
        "supplier": 2,
        "larder": 3,
        "created_at": "2022-09-27T14:10:09.341Z"
    }
},
{
    "model": "app1.collection",
    "pk": 25,
    "fields": {
        "volunteer": 1,
        "supplier": 2,
        "larder": 2,
        "created_at": "2022-10-14T14:42:21.522Z"
    }
},
{
    "model": "app1.collection",
    "pk": 26,
    "fields": {
        "volunteer": 4,
        "supplier": 1,
        "larder": 3,
        "created_at": "2022-10-14T14:43:08.625Z"
    }
},
{
    "model": "app1.collection",
    "pk": 27,
    "fields": {
        "volunteer": 1,
        "supplier": 1,
        "larder": 3,
        "created_at": "2022-10-14T15:11:08.867Z"
    }
},
{
    "model": "app1.collection",
    "pk": 28,
    "fields": {
        "volunteer": 1,
        "supplier": 4,
        "larder": 3,
        "created_at": "2022-10-14T15:15:01.597Z"
    }
},
{
    "model": "app1.collection",
    "pk": 29,
    "fields": {
        "volunteer": 1,
        "supplier": 2,
        "larder": 2,
        "created_at": "2022-10-14T15:20:26.632Z"
    }
},
{
    "model": "app1.collection",
    "pk": 30,
    "fields": {
        "volunteer": 3,
        "supplier": 2,
        "larder": 2,
        "created_at": "2022-10-14T15:38:10.585Z"
    }
},
{
    "model": "app1.collection",
    "pk": 31,
    "fields": {
        "volunteer": 4,
        "supplier": 4,
        "larder": 2,
        "created_at": "2022-10-14T16:10:37.295Z"
    }
},
{
    "model": "app1.collection",
    "pk": 32,
    "fields": {
        "volunteer": 1,
        "supplier": 1,
        "larder": 1,
        "created_at": "2022-10-14T16:40:32.739Z"
    }
},
{
    "model": "app1.collection",
    "pk": 33,
    "fields": {
        "volunteer": 2,
        "supplier": 2,
        "larder": 2,
        "created_at": "2022-10-14T16:40:59.714Z"
    }
},
{
    "model": "app1.collection",
    "pk": 34,
    "fields": {
        "volunteer": 3,
        "supplier": 3,
        "larder": 1,
        "created_at": "2022-11-11T00:14:10.908Z"
    }
},
{
    "model": "app1.collection",
    "pk": 35,
    "fields": {
        "volunteer": 3,
        "supplier": 3,
        "larder": 2,
        "created_at": "2022-11-11T00:14:57.092Z"
    }
},
{
    "model": "app1.pickup",
    "pk": 1,
    "fields": {
        "member": 2,
        "larder": 3,
        "volunteer": 2,
        "created_at": "2022-08-18T17:34:18.461Z"
    }
},
{
    "model": "app1.pickup",
    "pk": 2,
    "fields": {
        "member": 2,
        "larder": 2,
        "volunteer": 1,
        "created_at": "2022-08-18T17:53:06.554Z"
    }
},
{
    "model": "app1.pickup",
    "pk": 3,
    "fields": {
        "member": 2,
        "larder": 1,
        "volunteer": 2,
        "created_at": "2022-08-18T19:06:32.629Z"
    }
},
{
    "model": "app1.pickup",
    "pk": 4,
    "fields": {
        "member": 2,
        "larder": 2,
        "volunteer": 4,
        "created_at": "2022-09-12T00:48:02.269Z"
    }
},
{
    "model": "app1.pickup",
    "pk": 5,
    "fields": {
        "member": 3,
        "larder": 3,
        "volunteer": 3,
        "created_at": "2022-09-12T02:47:11.292Z"
    }
},
{
    "model": "app1.pickup",
    "pk": 6,
    "fields": {
        "member": 2,
        "larder": 3,
        "volunteer": 2,
        "created_at": "2022-09-22T19:59:28.635Z"
    }
},
{
    "model": "app1.pickup",
    "pk": 7,
    "fields": {
        "member": 3,
        "larder": 2,
        "volunteer": 2,
        "created_at": "2022-09-22T21:02:13.489Z"
    }
},
{
    "model": "app1.pickup",
    "pk": 8,
    "fields": {
        "member": 3,
        "larder": 2,
        "volunteer": 2,
        "created_at": "2022-09-22T22:27:03.874Z"
    }
},
{
    "model": "app1.pickup",
    "pk": 9,
    "fields": {
        "member": 3,
        "larder": 2,
        "volunteer": 2,
        "created_at": "2022-09-22T22:27:12.667Z"
    }
},
{
    "model": "app1.pickup",
    "pk": 10,
    "fields": {
        "member": 3,
        "larder": 2,
        "volunteer": 2,
        "created_at": "2022-09-22T22:27:20.161Z"
    }
},
{
    "model": "app1.pickup",
    "pk": 11,
    "fields": {
        "member": 3,
        "larder": 2,
        "volunteer": 2,
        "created_at": "2022-09-22T22:31:38.777Z"
    }
},
{
    "model": "app1.pickup",
    "pk": 12,
    "fields": {
        "member": 3,
        "larder": 2,
        "volunteer": 2,
        "created_at": "2022-09-22T22:31:44.996Z"
    }
},
{
    "model": "app1.pickup",
    "pk": 13,
    "fields": {
        "member": 3,
        "larder": 2,
        "volunteer": 2,
        "created_at": "2022-09-22T22:31:51.134Z"
    }
},
{
    "model": "app1.pickup",
    "pk": 14,
    "fields": {
        "member": 3,
        "larder": 2,
        "volunteer": 2,
        "created_at": "2022-09-22T22:31:57.204Z"
    }
},
{
    "model": "app1.pickup",
    "pk": 15,
    "fields": {
        "member": 3,
        "larder": 2,
        "volunteer": 2,
        "created_at": "2022-09-22T22:32:02.173Z"
    }
},
{
    "model": "app1.pickup",
    "pk": 16,
    "fields": {
        "member": 3,
        "larder": 2,
        "volunteer": 2,
        "created_at": "2022-09-22T22:32:03.478Z"
    }
},
{
    "model": "app1.pickup",
    "pk": 17,
    "fields": {
        "member": 3,
        "larder": 2,
        "volunteer": 2,
        "created_at": "2022-09-22T22:32:04.833Z"
    }
},
{
    "model": "app1.pickup",
    "pk": 18,
    "fields": {
        "member": 3,
        "larder": 2,
        "volunteer": 2,
        "created_at": "2022-09-22T22:32:11.106Z"
    }
},
{
    "model": "app1.pickup",
    "pk": 19,
    "fields": {
        "member": 3,
        "larder": 2,
        "volunteer": 2,
        "created_at": "2022-09-22T22:32:15.155Z"
    }
},
{
    "model": "app1.pickup",
    "pk": 20,
    "fields": {
        "member": 3,
        "larder": 2,
        "volunteer": 2,
        "created_at": "2022-09-22T23:26:48.358Z"
    }
},
{
    "model": "app1.pickup",
    "pk": 21,
    "fields": {
        "member": 3,
        "larder": 1,
        "volunteer": 2,
        "created_at": "2022-10-14T15:42:08.824Z"
    }
},
{
    "model": "app1.pickup",
    "pk": 22,
    "fields": {
        "member": 2,
        "larder": 3,
        "volunteer": 2,
        "created_at": "2022-11-11T00:14:34.958Z"
    }
},
{
    "model": "admin.logentry",
    "pk": 1,
    "fields": {
        "action_time": "2022-08-18T16:58:48.842Z",
        "user": [
            "seb"
        ],
        "content_type": [
            "app1",
            "larder"
        ],
        "object_id": "1",
        "object_repr": "Towcester Community Center",
        "action_flag": 1,
        "change_message": "[{\"added\": {}}]"
    }
},
{
    "model": "admin.logentry",
    "pk": 2,
    "fields": {
        "action_time": "2022-08-18T17:01:13.673Z",
        "user": [
            "seb"
        ],
        "content_type": [
            "app1",
            "larder"
        ],
        "object_id": "2",
        "object_repr": "Roade Community Larder",
        "action_flag": 1,
        "change_message": "[{\"added\": {}}]"
    }
},
{
    "model": "admin.logentry",
    "pk": 3,
    "fields": {
        "action_time": "2022-08-18T17:01:45.552Z",
        "user": [
            "seb"
        ],
        "content_type": [
            "app1",
            "larder"
        ],
        "object_id": "3",
        "object_repr": "Woodford Halse Community Larder",
        "action_flag": 1,
        "change_message": "[{\"added\": {}}]"
    }
},
{
    "model": "admin.logentry",
    "pk": 4,
    "fields": {
        "action_time": "2022-08-18T17:03:12.418Z",
        "user": [
            "seb"
        ],
        "content_type": [
            "app1",
            "member"
        ],
        "object_id": "1",
        "object_repr": "Sebastian Prentice",
        "action_flag": 1,
        "change_message": "[{\"added\": {}}]"
    }
},
{
    "model": "admin.logentry",
    "pk": 5,
    "fields": {
        "action_time": "2022-08-18T17:04:44.319Z",
        "user": [
            "seb"
        ],
        "content_type": [
            "app1",
            "member"
        ],
        "object_id": "2",
        "object_repr": "John Smith",
        "action_flag": 1,
        "change_message": "[{\"added\": {}}]"
    }
},
{
    "model": "admin.logentry",
    "pk": 6,
    "fields": {
        "action_time": "2022-08-18T17:11:34.952Z",
        "user": [
            "seb"
        ],
        "content_type": [
            "app1",
            "member"
        ],
        "object_id": "3",
        "object_repr": "Stephen Adams",
        "action_flag": 1,
        "change_message": "[{\"added\": {}}]"
    }
},
{
    "model": "admin.logentry",
    "pk": 7,
    "fields": {
        "action_time": "2022-08-18T17:15:44.619Z",
        "user": [
            "seb"
        ],
        "content_type": [
            "app1",
            "member"
        ],
        "object_id": "4",
        "object_repr": "Tilly Tomphson",
        "action_flag": 1,
        "change_message": "[{\"added\": {}}]"
    }
},
{
    "model": "admin.logentry",
    "pk": 8,
    "fields": {
        "action_time": "2022-08-18T17:16:46.294Z",
        "user": [
            "seb"
        ],
        "content_type": [
            "app1",
            "volunteer"
        ],
        "object_id": "1",
        "object_repr": "Seb Prentice",
        "action_flag": 1,
        "change_message": "[{\"added\": {}}]"
    }
},
{
    "model": "admin.logentry",
    "pk": 9,
    "fields": {
        "action_time": "2022-08-18T17:16:53.780Z",
        "user": [
            "seb"
        ],
        "content_type": [
            "app1",
            "volunteer"
        ],
        "object_id": "1",
        "object_repr": "Seb Prentice",
        "action_flag": 2,
        "change_message": "[]"
    }
},
{
    "model": "admin.logentry",
    "pk": 10,
    "fields": {
        "action_time": "2022-08-18T17:17:37.102Z",
        "user": [
            "seb"
        ],
        "content_type": [
            "app1",
            "volunteer"
        ],
        "object_id": "2",
        "object_repr": "Miranda Wixon",
        "action_flag": 1,
        "change_message": "[{\"added\": {}}]"
    }
},
{
    "model": "admin.logentry",
    "pk": 11,
    "fields": {
        "action_time": "2022-08-18T17:24:12.015Z",
        "user": [
            "seb"
        ],
        "content_type": [
            "app1",
            "volunteer"
        ],
        "object_id": "3",
        "object_repr": "Katie Steele",
        "action_flag": 1,
        "change_message": "[{\"added\": {}}]"
    }
},
{
    "model": "admin.logentry",
    "pk": 12,
    "fields": {
        "action_time": "2022-08-18T17:26:33.298Z",
        "user": [
            "seb"
        ],
        "content_type": [
            "app1",
            "volunteer"
        ],
        "object_id": "4",
        "object_repr": "Karen Pollard",
        "action_flag": 1,
        "change_message": "[{\"added\": {}}]"
    }
},
{
    "model": "admin.logentry",
    "pk": 13,
    "fields": {
        "action_time": "2022-08-18T17:28:05.557Z",
        "user": [
            "seb"
        ],
        "content_type": [
            "app1",
            "volunteer"
        ],
        "object_id": "5",
        "object_repr": "Brenda Smith",
        "action_flag": 1,
        "change_message": "[{\"added\": {}}]"
    }
},
{
    "model": "admin.logentry",
    "pk": 14,
    "fields": {
        "action_time": "2022-08-18T17:29:14.478Z",
        "user": [
            "seb"
        ],
        "content_type": [
            "app1",
            "supplier"
        ],
        "object_id": "1",
        "object_repr": "Tesco Towcester",
        "action_flag": 1,
        "change_message": "[{\"added\": {}}]"
    }
},
{
    "model": "admin.logentry",
    "pk": 15,
    "fields": {
        "action_time": "2022-08-18T17:29:30.120Z",
        "user": [
            "seb"
        ],
        "content_type": [
            "app1",
            "supplier"
        ],
        "object_id": "2",
        "object_repr": "Waitrose Towcester",
        "action_flag": 1,
        "change_message": "[{\"added\": {}}]"
    }
},
{
    "model": "admin.logentry",
    "pk": 16,
    "fields": {
        "action_time": "2022-08-18T17:30:39.246Z",
        "user": [
            "seb"
        ],
        "content_type": [
            "app1",
            "supplier"
        ],
        "object_id": "3",
        "object_repr": "SOFEA Milton Keynes",
        "action_flag": 1,
        "change_message": "[{\"added\": {}}]"
    }
},
{
    "model": "admin.logentry",
    "pk": 17,
    "fields": {
        "action_time": "2022-08-18T17:31:02.498Z",
        "user": [
            "seb"
        ],
        "content_type": [
            "app1",
            "supplier"
        ],
        "object_id": "4",
        "object_repr": "Tesco Daventry",
        "action_flag": 1,
        "change_message": "[{\"added\": {}}]"
    }
}
]
